"ticket_no","book_ref","passenger_id"
"0005432000987","06B046","8149 604011"
"0005432000988","06B046","8499 420203"
"0005432000989","E170C3","1011 752484"
"0005432000990","E170C3","4849 400049"
"0005432000991","F313DD","6615 976589"
"0005432000992","F313DD","2021 652719"
"0005432000993","F313DD","0817 363231"
"0005432000994","CCC5CB","2883 989356"
"0005432000995","CCC5CB","3097 995546"
"0005432000996","1FB1E4","6866 920231"
"0005432000997","DE3EA6","6030 369450"
"0005432000998","4B75D1","8675 588663"
"0005432000999","9E60AA","0764 728785"
"0005432001000","69DAD1","8954 972101"
"0005432001001","69DAD1","6772 748756"
"0005432001002","69DAD1","7364 216524"
"0005432001003","08A2A5","3635 182357"
"0005432001004","08A2A5","8252 507584"
"0005432001005","C2CAB7","1026 982766"
"0005432001006","C6DA66","7107 950192"
"0005432001007","C6DA66","4765 014996"
"0005432001008","3EFFCA","3342 145536"
"0005432001009","7E0F14","0001 745349"
"0005432001010","63126E","7273 175330"
"0005432001011","285BC5","1370 120631"
"0005432001012","232788","5559 553314"
"0005432001013","EE82FC","6544 483657"
"0005432001014","C3B60B","7011 596158"
"0005432001015","C3B60B","6772 891759"
"0005432001016","7DC7C4","8116 659266"
"0005432001017","7DC7C4","3542 318601"
"0005432001018","36AA7A","8511 999561"
"0005432001019","F11350","0630 169679"
"0005432001020","82DB02","0085 303617"
"0005432001021","82DB02","8080 870126"
"0005432001022","572A29","3755 842338"
"0005432001023","572A29","2295 465854"
"0005432001024","572A29","4245 607929"
"0005432001025","31F31A","7859 943808"
"0005432001026","F5F784","2765 289085"
"0005432001027","F5F784","4278 618557"
"0005432001028","598886","5657 976071"
"0005432001029","598886","9384 205645"
"0005432001030","18C1D5","0544 834528"
"0005432001031","EA4481","6365 326222"
"0005432001032","EA4481","7686 012334"
"0005432001033","94A438","1564 396952"
"0005432001034","0C3F23","2279 938743"
"0005432001035","0C3F23","8140 620813"
"0005432001036","F1AF5B","9257 239781"
"0005432001037","2EAC25","5829 268568"
"0005432001038","7C4EB0","7140 936574"
"0005432001039","47F326","6055 541445"
"0005432001040","47F326","6856 343851"
"0005432001041","750FC5","1989 394243"
"0005432001042","750FC5","7497 108600"
"0005432001043","4109DE","5324 130395"
"0005432001044","D067BC","6259 021260"
"0005432001045","D067BC","6849 694832"
"0005432001046","FE0198","9542 445779"
"0005432001047","FE0198","2536 676370"
"0005432001048","EA9B0F","3392 878429"
"0005432001049","6D004A","0207 310663"
"0005432001050","6D004A","6808 774590"
"0005432001051","8E6BB3","5582 658715"
"0005432001052","8E6BB3","8109 611094"
"0005432001053","D8094E","2489 626224"
"0005432001054","7E76A9","2811 332014"
"0005432001055","4A1A3A","7198 591092"
"0005432001056","90FF45","3262 369338"
"0005432001057","FDE044","4128 658175"
"0005432001058","FDE044","6709 734767"
"0005432001059","88411C","0326 266595"
"0005432001060","D0B9CE","2215 922557"
"0005432001061","D0B9CE","2290 450397"
"0005432001062","D0B9CE","2467 774707"
"0005432001063","ACCA92","7650 555895"
"0005432001064","4FAEB6","5364 307705"
"0005432001065","EC1E8B","1115 708092"
"0005432001066","EC1E8B","7066 161500"
"0005432001067","717CED","6903 458379"
"0005432001068","717CED","2651 489583"
"0005432001069","5C9140","5534 060462"
"0005432001070","AA2140","1527 165464"
"0005432001071","4DC130","1051 084909"
"0005432001072","378E67","8616 037931"
"0005432001073","7B4620","8557 326046"
"0005432001074","7327C3","1662 000481"
"0005432001075","7327C3","2432 012911"
"0005432001076","B0EEAB","6723 926887"
"0005432001077","9C6646","3608 388798"
"0005432001078","9C6646","7140 268929"
"0005432001079","9C6646","8851 001440"
"0005432001080","12C67A","3802 843058"
"0005432002040","763A73","7953 226769"
"0005432002041","460AAE","4046 519379"
"0005432002042","29182D","7906 253170"
"0005432002043","E5546D","3499 600919"
"0005432002044","BE9453","7634 557379"
"0005432002045","BE9453","3040 999771"
